City,Time,Temperature
Accra,Sat 3:33 am,81 °F
Addis Ababa,Sat 6:33 am,85 °F
Adelaide,Sat 1:03 pm,74 °F
Algiers,Sat 4:33 am,58 °F
Almaty,Sat 8:33 am,54 °F
Amman,Sat 6:33 am,50 °F
Amsterdam,Sat 5:33 am,61 °F
Anadyr,Sat 3:33 pm,63 °F
Anchorage,Fri 7:33 pm,56 °F
Ankara,Sat 6:33 am,93 °F
Antananarivo,Sat 6:33 am,50 °F
Asuncion,Sat 12:33 am,48 °F
Athens,Sat 6:33 am,70 °F
Atlanta,Fri 11:33 pm,77 °F
Auckland,Sat 3:33 pm,61 °F
Bangkok,Sat 10:33 am,68 °F
Barcelona,Sat 5:33 am,59 °F
Beijing,Sat 11:33 am,79 °F
Belgrade,Sat 5:33 am,79 °F
Berlin,Sat 5:33 am,41 °F
Bogota,Fri 10:33 pm,78 °F
Boston,Fri 11:33 pm,59 °F
Brasilia,Sat 12:33 am,69 °F
Brisbane,Sat 1:33 pm,68 °F
Brussels,Sat 5:33 am,88 °F
Bucharest,Sat 6:33 am,90 °F
Budapest,Sat 5:33 am,55 °F
Buenos Aires,Sat 12:33 am,39 °F
Cairo,Sat 6:33 am,55 °F
Calgary,Fri 9:33 pm,82 °F
Canberra,Sat 1:33 pm,66 °F
Cape Town,Sat 5:33 am,97 °F
Caracas,Fri 11:33 pm,52 °F
Casablanca,Sat 4:33 am,60 °F
Chicago,Fri 10:33 pm,79 °F
Copenhagen,Sat 5:33 am,66 °F
Dallas,Fri 10:33 pm,63 °F
Dar es Salaam,Sat 6:33 am,57 °F
Darwin,Sat 1:03 pm,64 °F
Denver,Fri 9:33 pm,55 °F
Detroit,Fri 11:33 pm,52 °F
Dhaka,Sat 9:33 am,52 °F
Doha,Sat 6:33 am,57 °F
Dubai,Sat 7:33 am,84 °F
Dublin,Sat 4:33 am,52 °F
Edmonton,Fri 9:33 pm,50 °F
